code,domain,domain_title,family,family_title,title,framework_citations,description,word_count,REVIEWED_BY,EDITED_DESCRIPTION
GOV-01.1,GOV,"Governance, Risk & Compliance",GOV-01,Security Governance,Information security policy set,SOC2 CC1.1 ; ISO27001 A.5.1,"A documented set of information security policies is approved by management, published to all personnel, and covers the topics relevant to the organisation's risk profile and obligations.",27,,
HRS-01.1,HRS,Human Resources Security,HRS-01,Pre-Employment,Background verification,SOC2 CC1.4 ; ISO27001 A.6.1,"Background verification appropriate to the role and applicable law is completed for personnel and relevant contractors before they are granted access to systems or facilities, and results are recorded.",29,,
IAM-01.1,IAM,Identity & Access Management,IAM-01,Identity Lifecycle,Joiner provisioning and approval,SOC2 CC6.2 ; ISO27001 A.5.18,"Access for new joiners is granted only after documented approval from an authorised approver, is based on the entitlements defined for the role, and the approval record is retained.",29,,
AST-01.1,AST,Asset & Information Management,AST-01,Asset Inventory,Hardware and software inventory,SOC2 CC6.1 ; ISO27001 A.5.9,"A complete inventory of hardware and software assets is maintained, updated as assets are added, changed or retired, and reconciled against discovery data at a defined interval.",27,,
END-01.1,END,Endpoint Security,END-01,Endpoint Protection,Anti-malware / EDR coverage,SOC2 CC6.8 ; ISO27001 A.8.7,"Anti-malware or endpoint detection and response software is deployed to all in-scope endpoints and servers, kept current, and its coverage is measured against the asset inventory to identify gaps.",29,,
APP-01.1,APP,Secure Development,APP-01,Secure SDLC,Secure development lifecycle policy,ISO27001 A.8.25,"A documented secure development lifecycle defines the security activities required at each stage from design through release, and applies to all in-scope applications and teams.",25,,
CRY-01.1,CRY,Cryptography & Key Management,CRY-01,Cryptographic Controls,Encryption at rest,SOC2 CC6.1 ; ISO27001 A.8.24 ; DPDPA S.8(5),"Data at rest in databases, object storage, backups and endpoints is encrypted using an approved algorithm, with coverage verified across all stores holding classified or personal data.",27,,
NET-01.1,NET,Network Security,NET-01,Network Architecture,Network segmentation,SOC2 CC6.6 ; ISO27001 A.8.22,"The network is segmented so that systems of differing trust levels and data sensitivity are separated, with traffic between segments restricted to explicitly permitted flows.",25,,
TPR-01.1,TPR,Third-Party Risk Management,TPR-01,Vendor Onboarding,Vendor due diligence assessment,SOC2 CC9.2 ; ISO27001 A.5.19,"Vendors are assessed for security and privacy risk before onboarding, with the depth of assessment proportionate to the data and access involved, and the assessment outcome recorded and approved.",29,,
PHY-01.1,PHY,Physical & Environmental Security,PHY-01,Physical Access,Physical security perimeter,SOC2 CC6.4 ; ISO27001 A.7.1,"Physical security perimeters protecting areas containing information systems are defined and physically sound, with entry points controlled and the perimeter maintained.",21,,
PRI-01.1,PRI,Privacy & Data Protection,PRI-01,Transparency & Lawful Basis,Privacy notice to data principals,SOC2 P1.1 ; ISO27001 A.5.34 ; DPDPA S.5,"A privacy notice is provided to data principals before or at the point of collection, in clear language and in the required languages, describing the data collected, the purposes and their rights.",32,,
BCP-01.1,BCP,"Continuity, Backup & Resilience",BCP-01,Backup,Backup schedule and scope,SOC2 A1.2 ; ISO27001 A.8.13 ; DPDPA S.8(5),"Backups cover all systems and data required to restore business operations, run at a frequency consistent with the defined recovery point objective, and their success or failure is monitored and alerted.",31,,
IRP-01.1,IRP,Incident Response,IRP-01,Incident Response,Incident response plan,SOC2 CC7.4 ; ISO27001 A.5.24,"A documented incident response plan defines roles, severity levels, escalation paths, communication responsibilities and evidence handling, and is accessible to responders when primary systems are unavailable.",26,,
VUL-01.1,VUL,Vulnerability & Patch Management,VUL-01,Vulnerability Management,Vulnerability scanning cadence,SOC2 CC7.1 ; ISO27001 A.8.8,"Vulnerability scanning covers in-scope infrastructure, endpoints and applications at a defined cadence and after significant change, with scan coverage reconciled against the asset inventory.",24,,
LOG-01.1,LOG,Logging & Monitoring,LOG-01,Audit Logging,Audit logging enabled and scoped,SOC2 CC7.2 ; ISO27001 A.8.15 ; DPDPA S.8(5),"Security-relevant events including authentication, authorisation changes, privileged actions and access to sensitive data are logged across in-scope systems, with the logging scope documented.",23,,
CHG-01.1,CHG,Change & Configuration Management,CHG-01,Change Management,Change approval and authorisation,SOC2 CC8.1 ; ISO27001 A.8.32,"Changes to production systems are requested, assessed for risk and security impact, and approved by an authorised approver other than the implementer before deployment, with approval recorded.",27,,
CHG-01.2,CHG,Change & Configuration Management,CHG-01,Change Management,Change testing and rollback,SOC2 CC8.1 ; ISO27001 A.8.32,"Changes are tested before production deployment and have a documented rollback or recovery plan proportionate to their risk, with test evidence retained.",22,,
LOG-01.2,LOG,Logging & Monitoring,LOG-01,Audit Logging,Log retention period,SOC2 CC7.2 ; ISO27001 A.8.15,"Logs are retained for a defined period that satisfies investigative, contractual and regulatory needs, with the retention period documented and enforced by the logging platform.",25,,
VUL-01.2,VUL,Vulnerability & Patch Management,VUL-01,Vulnerability Management,Remediation SLA by severity,SOC2 CC7.1 ; ISO27001 A.8.8,"Remediation timeframes are defined by vulnerability severity, tracked from discovery to closure, and overdue items are escalated, with the SLA and current performance reported.",24,,
TPR-01.2,TPR,Third-Party Risk Management,TPR-01,Vendor Onboarding,Vendor risk tiering,ISO27001 A.5.19,"Vendors are assigned a risk tier using defined criteria such as data sensitivity, system access and business criticality, and the tier determines assessment depth and reassessment frequency.",27,,
PHY-01.2,PHY,Physical & Environmental Security,PHY-01,Physical Access,Physical entry authorisation,SOC2 CC6.4 ; ISO27001 A.7.2,"Entry to secure areas is restricted to authorised individuals through a controlled mechanism, authorisation is approved and recorded, and access rights are reviewed at a defined interval.",27,,
PRI-01.2,PRI,Privacy & Data Protection,PRI-01,Transparency & Lawful Basis,Consent capture and withdrawal,SOC2 P2.1 ; DPDPA S.6,"Consent is obtained through a free, specific, informed and unambiguous affirmative action where consent is the basis for processing, and withdrawal is made as easy as giving consent.",28,,
BCP-01.2,BCP,"Continuity, Backup & Resilience",BCP-01,Backup,Restore testing,SOC2 A1.3 ; ISO27001 A.8.13,"Restoration from backup is tested at a defined interval by actually recovering data, not merely verifying the backup completed, and the test outcome and any failures are recorded.",28,,
IRP-01.2,IRP,Incident Response,IRP-01,Incident Response,Incident classification and triage,SOC2 CC7.3 ; ISO27001 A.5.25,"Reported events are classified against defined severity criteria and triaged within a timeframe appropriate to that severity, with the classification and rationale recorded.",23,,
NET-01.2,NET,Network Security,NET-01,Network Architecture,Firewall ruleset review,SOC2 CC6.6 ; ISO27001 A.8.20,"Firewall and security group rulesets are reviewed at a defined interval to confirm each rule has a business justification and an owner, with unjustified and overly permissive rules removed.",29,,
CRY-01.2,CRY,Cryptography & Key Management,CRY-01,Cryptographic Controls,Encryption in transit (TLS),SOC2 CC6.7 ; ISO27001 A.8.24 ; DPDPA S.8(5),"Data in transit across untrusted networks is protected using current TLS versions with approved cipher suites, with plaintext protocols disabled and configuration verified periodically.",24,,
APP-01.2,APP,Secure Development,APP-01,Secure SDLC,Peer code review before merge,SOC2 CC8.1 ; ISO27001 A.8.28,"Code changes are reviewed and approved by a competent person other than the author before merging to a protected branch, with the review record retained.",25,,
END-01.2,END,Endpoint Security,END-01,Endpoint Protection,Endpoint hardening baseline,SOC2 CC7.1 ; ISO27001 A.8.9,"Endpoints are configured to a documented hardening baseline covering security settings, disabled services and local administrative rights, with compliance monitored and deviations remediated.",23,,
AST-01.2,AST,Asset & Information Management,AST-01,Asset Inventory,Information asset register,ISO27001 A.5.9,"Information assets and the systems that store or process them are recorded in a register capturing the data held, its classification, its location and the business process it supports.",29,,
IAM-01.2,IAM,Identity & Access Management,IAM-01,Identity Lifecycle,Mover / role-change access update,SOC2 CC6.3 ; ISO27001 A.5.18,"When a person changes role, their entitlements are reassessed and adjusted within a defined period so that access no longer required by the new role is removed rather than accumulated.",30,,
HRS-01.2,HRS,Human Resources Security,HRS-01,Pre-Employment,Terms of employment and NDAs,ISO27001 A.6.2 ; ISO27001 A.6.6,"Employment and contractor agreements state information security and confidentiality responsibilities, including obligations that survive the end of the engagement, and are executed before access is granted.",26,,
GOV-01.2,GOV,"Governance, Risk & Compliance",GOV-01,Security Governance,Policy review and approval cycle,ISO27001 A.5.1,"Each policy names an owner and is formally reviewed and re-approved at a defined interval, and additionally whenever a significant change to the business, technology estate or regulatory obligations occurs.",30,,
GOV-01.3,GOV,"Governance, Risk & Compliance",GOV-01,Security Governance,Security roles and responsibilities,SOC2 CC1.3 ; ISO27001 A.5.2,"Information security roles, responsibilities and decision rights are defined, assigned to named individuals or roles, and communicated so accountability for each control area is unambiguous.",25,,
AST-01.3,AST,Asset & Information Management,AST-01,Asset Inventory,Asset ownership assignment,ISO27001 A.5.9,"Every asset in the inventory has a named owner accountable for its classification, protection and permitted use, and ownership is reassigned when personnel or responsibilities change.",26,,
IAM-01.3,IAM,Identity & Access Management,IAM-01,Identity Lifecycle,Leaver deprovisioning within SLA,SOC2 CC6.3 ; ISO27001 A.5.18,"Access for departing personnel and contractors is revoked across all systems within a defined service level from the termination trigger, and the revocation is evidenced.",25,,
CRY-01.3,CRY,Cryptography & Key Management,CRY-01,Cryptographic Controls,Approved algorithms and cipher policy,ISO27001 A.8.24,"An approved cryptography standard defines permitted algorithms, minimum key lengths and cipher suites, prohibits deprecated primitives, and is reviewed as cryptographic guidance evolves.",23,,
NET-01.3,NET,Network Security,NET-01,Network Architecture,Boundary protection and DDoS,SOC2 CC6.6 ; ISO27001 A.8.20,"Controls protect the network boundary against unauthorised access and volumetric attack, including ingress filtering and denial-of-service mitigation appropriate to the exposure of internet-facing services.",24,,
APP-01.3,APP,Secure Development,APP-01,Secure SDLC,Source control branch protection,SOC2 CC8.1 ; ISO27001 A.8.4,"Protected branches prevent direct commits, require review approval and passing checks before merge, and restrict who may override these controls, with overrides logged.",23,,
END-01.3,END,Endpoint Security,END-01,Endpoint Protection,Endpoint disk encryption,SOC2 CC6.1,"Full-disk encryption is enabled on laptops and other portable endpoints, with enrolment enforced centrally and coverage reported against the device inventory.",21,,
PRI-01.3,PRI,Privacy & Data Protection,PRI-01,Transparency & Lawful Basis,Consent records and audit trail,DPDPA S.6,"A record is kept of each consent showing what was consented to, the notice presented at the time, the timestamp, and any subsequent withdrawal, sufficient to demonstrate valid consent.",29,,
IRP-01.3,IRP,Incident Response,IRP-01,Incident Response,Incident response exercises,SOC2 CC7.4 ; ISO27001 A.5.24,"The incident response plan is exercised at a defined interval using a realistic scenario, with participation from the roles named in the plan, and lessons learned fed back into the plan.",31,,
CHG-01.3,CHG,Change & Configuration Management,CHG-01,Change Management,Emergency change procedure,SOC2 CC8.1 ; ISO27001 A.8.32,"A defined emergency change procedure permits expedited deployment when justified, and requires retrospective review and approval within a specified period after the event.",23,,
VUL-01.3,VUL,Vulnerability & Patch Management,VUL-01,Vulnerability Management,Threat intelligence intake,ISO27001 A.5.7,"Threat and vulnerability intelligence relevant to the organisation's technology and sector is received from defined sources, assessed for applicability, and acted upon where relevant.",24,,
LOG-01.3,LOG,Logging & Monitoring,LOG-01,Audit Logging,Log integrity and tamper protection,ISO27001 A.8.15,"Logs are protected against modification and deletion, including by privileged users, through centralisation to a separate system, restricted access, and integrity controls.",22,,
PHY-01.3,PHY,Physical & Environmental Security,PHY-01,Physical Access,Visitor management,SOC2 CC6.4 ; ISO27001 A.7.2,"Visitors are identified, authorised, recorded on entry and exit, issued visible identification, and escorted while in secure areas, with the visitor record retained.",23,,
BCP-01.3,BCP,"Continuity, Backup & Resilience",BCP-01,Backup,Backup encryption and offsite copy,ISO27001 A.8.13,"Backup data is encrypted and at least one copy is held in a location or account separate from the primary environment, so that a single compromise or failure cannot destroy both.",31,,
PHY-01.4,PHY,Physical & Environmental Security,PHY-01,Physical Access,CCTV and physical monitoring,SOC2 CC6.4 ; ISO27001 A.7.4,"Premises and secure areas are monitored for unauthorised physical access using surveillance or intrusion detection appropriate to the risk, with recordings retained for a defined period.",26,,
IRP-01.4,IRP,Incident Response,IRP-01,Incident Response,Post-incident review and lessons,SOC2 CC7.5 ; ISO27001 A.5.27,"Incidents above a defined severity receive a documented post-incident review identifying root cause and corrective actions, with those actions assigned owners and tracked to completion.",25,,
GOV-01.4,GOV,"Governance, Risk & Compliance",GOV-01,Security Governance,Management review of the ISMS,SOC2 CC4.1 ; ISO27001 9.3,"Management formally reviews the information security programme at a planned interval, considering performance results, audit findings, incidents, risk changes and improvement opportunities, and records the decisions taken.",27,,
IAM-01.4,IAM,Identity & Access Management,IAM-01,Identity Lifecycle,"Unique identifiers, no shared accounts",SOC2 CC6.2 ; ISO27001 A.5.16,"Each user is assigned a unique identifier that attributes their actions to them individually; shared, generic and service accounts are inventoried, justified, owned and their credentials controlled.",27,,
APP-01.4,APP,Secure Development,APP-01,Secure SDLC,Secure coding standards,ISO27001 A.8.28,"Secure coding standards addressing common vulnerability classes are documented, made available to developers, and reinforced through training and code review criteria.",21,,
END-01.4,END,Endpoint Security,END-01,Endpoint Protection,Mobile device management,ISO27001 A.8.1,Devices accessing organisational data are enrolled in a management solution that enforces the required security configuration and enables remote lock or wipe of organisational data.,25,,
LOG-01.4,LOG,Logging & Monitoring,LOG-01,Audit Logging,Administrator activity logging,SOC2 CC7.2 ; ISO27001 A.8.15,"Actions performed using administrative and privileged accounts are logged in sufficient detail to attribute each action to an individual, and these logs are reviewed or alerted on.",27,,
PRI-01.4,PRI,Privacy & Data Protection,PRI-01,Transparency & Lawful Basis,Children and guardian consent,DPDPA S.9,"Where the data principal is a child or a person with a disability having a lawful guardian, verifiable consent is obtained from the parent or guardian before processing, and prohibited processing is prevented.",33,,
PHY-01.5,PHY,Physical & Environmental Security,PHY-01,Physical Access,"Securing offices, rooms and facilities",ISO27001 A.7.3,"Offices, rooms and facilities housing information assets are designed and secured to prevent unauthorised access and to avoid publicly signalling the presence of sensitive operations.",25,,
GOV-01.5,GOV,"Governance, Risk & Compliance",GOV-01,Security Governance,Information security objectives,ISO27001 6.2,"Measurable information security objectives are established, aligned to the security policy, assigned to owners with target dates, and progress against them is monitored and reported.",25,,
GOV-01.6,GOV,"Governance, Risk & Compliance",GOV-01,Security Governance,Code of conduct and ethics,SOC2 CC1.1,"A code of conduct setting expected ethical and behavioural standards is issued to all personnel, who formally acknowledge it on joining and at a defined recurring interval thereafter.",28,,
NET-02.1,NET,Network Security,NET-02,Remote & Wireless Access,Remote access / VPN controls,SOC2 CC6.6 ; ISO27001 A.6.7,"Remote access to the internal environment is granted only to authorised users over an encrypted channel, from managed or attested endpoints where feasible, and remote sessions are logged.",28,,
CHG-02.1,CHG,Change & Configuration Management,CHG-02,Configuration Management,Secure configuration baselines,SOC2 CC7.1 ; ISO27001 A.8.9,"Secure configuration baselines are defined for each system and platform type, applied at build, and maintained as the authoritative definition of an acceptable configuration.",24,,
APP-02.1,APP,Secure Development,APP-02,Application Security Testing,SAST / DAST in the pipeline,SOC2 CC7.1 ; ISO27001 A.8.29,"Static and dynamic application security testing runs within the delivery pipeline on a defined trigger, with findings routed to owners and severity thresholds defined for blocking a release.",28,,
IAM-02.1,IAM,Identity & Access Management,IAM-02,Authentication,Password / passphrase policy,SOC2 CC6.1 ; ISO27001 A.5.17,"Authentication credential requirements covering minimum length, complexity or passphrase rules, reuse restrictions and handling of compromised credentials are defined and technically enforced.",22,,
CRY-02.1,CRY,Cryptography & Key Management,CRY-02,Key Management,"Key generation, storage and custody",SOC2 CC6.1 ; ISO27001 A.8.24,"Cryptographic keys are generated using an approved method, stored in a dedicated key management service or hardware module, and access to key material is restricted to authorised custodians and logged.",30,,
VUL-02.1,VUL,Vulnerability & Patch Management,VUL-02,Patch Management,Patch deployment cadence,SOC2 CC7.1 ; ISO27001 A.8.8,"Security patches are deployed to systems and applications within timeframes defined by severity, with deployment coverage measured and unpatched systems identified and escalated.",23,,
LOG-02.1,LOG,Logging & Monitoring,LOG-02,Monitoring & Detection,Security monitoring and alerting,SOC2 CC7.2 ; ISO27001 A.8.16,"Security events are monitored against defined detection rules that generate alerts for suspicious activity, with rule coverage reviewed as the threat landscape and environment change.",25,,
PRI-02.1,PRI,Privacy & Data Protection,PRI-02,Data Principal Rights,Right of access fulfilment,SOC2 P5.1 ; DPDPA S.11,Requests from data principals for access to a summary of their personal data and its processing are fulfilled within the required timeframe through a defined and evidenced process.,28,,
TPR-02.1,TPR,Third-Party Risk Management,TPR-02,Vendor Contracts,Security clauses in agreements,SOC2 CC9.2 ; ISO27001 A.5.20,"Agreements with vendors include security requirements covering confidentiality, incident notification, subcontracting, audit rights and return or deletion of data at termination.",21,,
PHY-02.1,PHY,Physical & Environmental Security,PHY-02,Environmental Controls,"Power, cooling and fire suppression",ISO27001 A.7.11,"Supporting utilities and environmental protections including power continuity, cooling and fire detection and suppression are provided appropriate to the facility, and maintained and tested.",24,,
IRP-02.1,IRP,Incident Response,IRP-02,Breach Notification,Regulatory breach notification,SOC2 CC7.4 ; ISO27001 A.5.26 ; DPDPA S.8(6),"Regulatory breach notification obligations are documented with their applicable timeframes and recipients, and the process for assessing notifiability and issuing notice is defined and rehearsed.",25,,
BCP-02.1,BCP,"Continuity, Backup & Resilience",BCP-02,Continuity & Recovery,Business continuity plan,SOC2 A1.2 ; ISO27001 A.5.29,"A business continuity plan identifies critical business processes, their dependencies and the arrangements for continuing or recovering them, and names the individuals responsible for invoking it.",26,,
AST-02.1,AST,Asset & Information Management,AST-02,Data Classification & Handling,Data classification scheme,SOC2 C1.1 ; ISO27001 A.5.12,"A data classification scheme defines the classification levels in use, the criteria for assigning each, and the minimum handling requirements that apply at each level.",25,,
GOV-02.1,GOV,"Governance, Risk & Compliance",GOV-02,Risk Management,Risk assessment methodology,SOC2 CC3.2,"A documented risk assessment methodology defines how risks are identified, how likelihood and impact are scored, the criteria for accepting risk, and how often assessments are performed.",27,,
HRS-02.1,HRS,Human Resources Security,HRS-02,During Employment,Security awareness training,SOC2 CC1.4 ; SOC2 CC2.2 ; ISO27001 A.6.3,"All personnel complete security awareness training on joining and at a defined recurring interval, with content covering the organisation's policies and current threats, and completion tracked to full coverage.",29,,
PHY-02.2,PHY,Physical & Environmental Security,PHY-02,Environmental Controls,Clear desk and clear screen,ISO27001 A.7.7,"A clear desk and clear screen requirement is defined and communicated, requiring sensitive material to be secured when unattended and screens to lock when the user is away.",28,,
PRI-02.2,PRI,Privacy & Data Protection,PRI-02,Data Principal Rights,Correction and erasure requests,SOC2 P5.2 ; DPDPA S.12,"Requests for correction, completion, updating or erasure of personal data are actioned within the required timeframe, including onward communication to recipients where applicable.",23,,
TPR-02.2,TPR,Third-Party Risk Management,TPR-02,Vendor Contracts,Data processing agreements,ISO27001 A.5.20 ; DPDPA S.8(2),"Where a vendor processes personal data, a data processing agreement is executed defining the permitted purposes, security obligations, subprocessor rules and assistance with data principal rights.",26,,
GOV-02.2,GOV,"Governance, Risk & Compliance",GOV-02,Risk Management,Risk register and treatment plan,SOC2 CC3.2 ; ISO27001 A.5.8,"Identified risks are recorded in a maintained register with an owner, current score, selected treatment and target date, and treatment progress is tracked to closure.",25,,
CRY-02.2,CRY,Cryptography & Key Management,CRY-02,Key Management,Key rotation and revocation,ISO27001 A.8.24,"Keys are rotated at a defined interval and on compromise or custodian departure, and revoked keys are retired from use, with rotation and revocation events recorded.",26,,
VUL-02.2,VUL,Vulnerability & Patch Management,VUL-02,Patch Management,Patch exception handling,,"Where a patch cannot be applied within the defined timeframe, the exception is documented with a compensating control, approved by an authorised owner, given an expiry date and reviewed.",29,,
LOG-02.2,LOG,Logging & Monitoring,LOG-02,Monitoring & Detection,Alert triage and escalation,SOC2 CC7.3,"Alerts are triaged within a defined timeframe according to severity, escalated through a documented path, and their disposition recorded so that unactioned alerts are visible.",25,,
CHG-02.2,CHG,Change & Configuration Management,CHG-02,Configuration Management,Configuration drift detection,SOC2 CC7.1 ; ISO27001 A.8.9,"Deviation from approved configuration baselines is detected through automated comparison at a defined frequency, with drift investigated and either remediated or formally accepted.",23,,
NET-02.2,NET,Network Security,NET-02,Remote & Wireless Access,Wireless network security,ISO27001 A.8.21,"Wireless networks use current authentication and encryption standards, guest access is segregated from the corporate network, and access credentials are managed and rotated.",23,,
IAM-02.2,IAM,Identity & Access Management,IAM-02,Authentication,MFA — workforce accounts,SOC2 CC6.1 ; ISO27001 A.8.5,"Multi-factor authentication is enforced for workforce access to systems holding or providing access to organisational data, with coverage monitored and exceptions formally approved and time-limited.",25,,
AST-02.2,AST,Asset & Information Management,AST-02,Data Classification & Handling,Labelling and handling procedures,ISO27001 A.5.13,"Procedures define how information at each classification level is labelled, stored, transmitted, shared and disposed of, covering both electronic and physical form, and are communicated to personnel.",27,,
HRS-02.2,HRS,Human Resources Security,HRS-02,During Employment,Acceptable use acknowledgement,SOC2 CC1.1 ; ISO27001 A.5.10,"Personnel formally acknowledge the acceptable use policy for organisational systems, data and devices on joining and at a defined recurring interval, and acknowledgement records are retained.",26,,
BCP-02.2,BCP,"Continuity, Backup & Resilience",BCP-02,Continuity & Recovery,Disaster recovery exercise,SOC2 A1.3 ; ISO27001 A.5.30,"Disaster recovery arrangements are exercised at a defined interval against a realistic scenario, with the outcome measured against the stated recovery objectives and shortfalls remediated.",25,,
APP-02.2,APP,Secure Development,APP-02,Application Security Testing,Dependency and SCA scanning,ISO27001 A.8.29,"Third-party and open-source dependencies are scanned for known vulnerabilities and licence issues on a defined cadence, with vulnerable components upgraded or mitigated within the remediation SLA.",26,,
IRP-02.2,IRP,Incident Response,IRP-02,Breach Notification,Customer and data principal notice,DPDPA S.8(6),"Affected customers and data principals are notified of a breach affecting their data within the applicable timeframe, using defined content covering the nature of the breach and the steps they should take.",32,,
GOV-02.3,GOV,"Governance, Risk & Compliance",GOV-02,Risk Management,Risk acceptance and exceptions,SOC2 CC3.4,"Risks accepted rather than treated, and exceptions to security requirements, are formally approved by an authorised owner, given an expiry date, and reviewed before that date.",26,,
LOG-02.3,LOG,Logging & Monitoring,LOG-02,Monitoring & Detection,Time synchronisation,ISO27001 A.8.17,System clocks across in-scope systems are synchronised to an authoritative time source so that log timestamps can be correlated reliably during investigation.,22,,
CRY-02.3,CRY,Cryptography & Key Management,CRY-02,Key Management,Certificate lifecycle management,,"Digital certificates are inventoried with their expiry dates, renewed before expiry through a defined process, and revoked when superseded or compromised, with expiry monitored and alerted.",26,,
APP-02.3,APP,Secure Development,APP-02,Application Security Testing,Penetration testing,SOC2 CC4.1 ; ISO27001 A.8.8,"Penetration testing of in-scope applications and infrastructure is performed by a suitably independent and competent tester at a defined interval and after significant change, with findings tracked to closure.",29,,
PRI-02.3,PRI,Privacy & Data Protection,PRI-02,Data Principal Rights,Grievance redressal mechanism,DPDPA S.13 ; DPDPA S.8(9),"A grievance redressal mechanism is published and readily available to data principals, with responses provided within the required timeframe and complaints logged and tracked to resolution.",26,,
BCP-02.3,BCP,"Continuity, Backup & Resilience",BCP-02,Continuity & Recovery,RTO / RPO definition and testing,ISO27001 A.5.30,"Recovery time and recovery point objectives are defined for each critical system based on business impact, agreed with the business, and validated through testing rather than assumed.",27,,
HRS-02.3,HRS,Human Resources Security,HRS-02,During Employment,Disciplinary process,ISO27001 A.6.4,"A documented disciplinary process defines the consequences of information security policy violations, is communicated to personnel, and is applied consistently following a substantiated breach.",24,,
AST-02.3,AST,Asset & Information Management,AST-02,Data Classification & Handling,Removable media controls,ISO27001 A.7.10,"Use of removable media is governed by a documented rule set covering authorisation, encryption, permitted data classifications and secure disposal, with unauthorised use technically prevented where feasible.",27,,
IAM-02.3,IAM,Identity & Access Management,IAM-02,Authentication,MFA — privileged / administrative,SOC2 CC6.1 ; ISO27001 A.8.5 ; ISO27001 A.8.2 ; DPDPA S.8(5),"Multi-factor authentication is enforced for all privileged and administrative access without exception, and enforcement is verified rather than assumed.",19,,
GOV-02.4,GOV,"Governance, Risk & Compliance",GOV-02,Risk Management,Risk treatment plan and Statement of Applicability,ISO27001 6.1.3,"A risk treatment plan records the controls selected to address assessed risks, and a Statement of Applicability records which controls apply, the justification for inclusion or exclusion, and their implementation status.",31,,
IAM-02.4,IAM,Identity & Access Management,IAM-02,Authentication,MFA — remote and VPN access,SOC2 CC6.6 ; ISO27001 A.6.7,"Multi-factor authentication is enforced for remote and VPN access to the internal environment, including access from unmanaged networks and third-party connections.",21,,
BCP-02.4,BCP,"Continuity, Backup & Resilience",BCP-02,Continuity & Recovery,Capacity and availability management,SOC2 A1.1 ; ISO27001 A.8.6,"Resource capacity is monitored against demand and projected growth, with thresholds that trigger action before availability is affected, and availability measured against any committed levels.",25,,
PRI-02.4,PRI,Privacy & Data Protection,PRI-02,Data Principal Rights,Nomination facility,DPDPA S.14,"Data principals are able to nominate another individual to exercise their rights in the event of death or incapacity, and the nomination is recorded and honoured.",26,,
IAM-02.5,IAM,Identity & Access Management,IAM-02,Authentication,Session timeout and lockout,,"Sessions terminate or lock after a defined period of inactivity, and accounts lock after a defined number of consecutive failed authentication attempts, with both thresholds technically enforced.",27,,
TPR-03.1,TPR,Third-Party Risk Management,TPR-03,Ongoing Oversight,Periodic vendor reassessment,SOC2 CC9.2 ; ISO27001 A.5.22,"Vendors are reassessed at an interval determined by their risk tier and on significant change, with evidence such as current attestation reports reviewed and findings tracked.",26,,
PRI-03.1,PRI,Privacy & Data Protection,PRI-03,Privacy Governance,Data Protection Officer appointment,DPDPA S.10(2)(a),"A Data Protection Officer or equivalent responsible person is appointed where required, their contact details are published to data principals, and they report to the organisation's governing body.",28,,
APP-03.1,APP,Secure Development,APP-03,Environment Separation,Dev / test / production separation,SOC2 CC8.1 ; ISO27001 A.8.31,"Development, test and production environments are logically or physically separated, with distinct credentials and access rights, and promotion between environments follows the change process.",24,,
HRS-03.1,HRS,Human Resources Security,HRS-03,Termination,Post-termination responsibilities,ISO27001 A.6.5,"Information security responsibilities that remain in force after employment ends, including confidentiality obligations, are defined, communicated to the individual and enforced after departure.",23,,
NET-03.1,NET,Network Security,NET-03,Data Movement,Data loss prevention,SOC2 CC6.7 ; ISO27001 A.8.12,"Controls detect and restrict unauthorised transfer of classified or personal data out of the environment, covering the egress channels in scope, with alerts triaged and exceptions approved.",27,,
IAM-03.1,IAM,Identity & Access Management,IAM-03,Authorisation,Least privilege / RBAC design,SOC2 CC6.3 ; ISO27001 A.8.3 ; ISO27001 A.5.15 ; DPDPA S.8(5),"Access rights are designed on the principle of least privilege, granting only the entitlements a role requires, with role definitions documented and reviewed when responsibilities change.",26,,
GOV-03.1,GOV,"Governance, Risk & Compliance",GOV-03,Compliance Obligations,Legal and regulatory register,ISO27001 A.5.31,"Applicable legal, regulatory, contractual and statutory obligations relating to information security and privacy are identified, recorded in a register with a named owner, and reviewed for change.",27,,
AST-03.1,AST,Asset & Information Management,AST-03,Retention & Disposal,Data retention schedule,SOC2 C1.2 ; DPDPA S.8(7),"A retention schedule defines how long each category of information is kept, the legal or business basis for that period, and the disposal action taken when the period expires.",29,,
GOV-03.2,GOV,"Governance, Risk & Compliance",GOV-03,Compliance Obligations,Independent security review,SOC2 CC4.1 ; ISO27001 A.5.35,"Security controls are reviewed by a party independent of those who operate them, at a planned interval or after significant change, and findings are tracked to resolution.",27,,
AST-03.2,AST,Asset & Information Management,AST-03,Retention & Disposal,Secure deletion of information,ISO27001 A.8.10 ; DPDPA S.8(7),"Information that has reached the end of its retention period or is no longer required is deleted using a method that prevents recovery, and the deletion is recorded.",28,,
APP-03.2,APP,Secure Development,APP-03,Environment Separation,Production data in non-prod controls,ISO27001 A.8.33,"Use of production data in non-production environments is prohibited or permitted only after masking, anonymisation or equivalent protection, with any exception formally approved and time-limited.",25,,
TPR-03.2,TPR,Third-Party Risk Management,TPR-03,Ongoing Oversight,Subprocessor and cloud service review,ISO27001 A.5.23,"Subprocessors and cloud services used by vendors are identified, their use approved, and changes to the subprocessor chain notified and assessed before taking effect.",24,,
HRS-03.2,HRS,Human Resources Security,HRS-03,Termination,Return of assets on exit,ISO27001 A.5.11,"All organisational assets issued to personnel, including devices, credentials, tokens and documents, are identified and returned or recovered as part of the exit process, and return is recorded.",28,,
IAM-03.2,IAM,Identity & Access Management,IAM-03,Authorisation,Privileged access management,SOC2 CC6.1 ; ISO27001 A.8.2,"Privileged accounts are inventoried, restricted to personnel with a demonstrated need, issued separately from standard accounts, and their use is logged and monitored.",23,,
NET-03.2,NET,Network Security,NET-03,Data Movement,Web and content filtering,ISO27001 A.8.23,"Outbound web and content access is filtered against categories and reputation to reduce exposure to malicious and prohibited destinations, with the policy documented and bypasses controlled.",26,,
PRI-03.2,PRI,Privacy & Data Protection,PRI-03,Privacy Governance,Data protection impact assessment,DPDPA S.10(2)(c),"A data protection impact assessment is performed for processing likely to result in high risk to data principals, documenting the risks identified and the mitigations applied before processing begins.",29,,
GOV-03.3,GOV,"Governance, Risk & Compliance",GOV-03,Compliance Obligations,Internal audit programme,ISO27001 A.5.36 ; DPDPA S.10(2)(b),"An internal audit programme covering the information security management system is planned, executed by competent and impartial auditors, and its findings reported to management and remediated.",26,,
IAM-03.3,IAM,Identity & Access Management,IAM-03,Authorisation,Segregation of duties,SOC2 CC5.2 ; ISO27001 A.5.3,"Duties that could allow a single individual to initiate and conceal an unauthorised action are identified and separated between individuals, with compensating controls documented where separation is impractical.",28,,
AST-03.3,AST,Asset & Information Management,AST-03,Retention & Disposal,Secure disposal of media and equipment,SOC2 CC6.5 ; ISO27001 A.7.14,"Media and equipment are securely sanitised or physically destroyed before disposal, transfer or reuse, using a method appropriate to the classification of the data held, with a certificate or record retained.",31,,
TPR-03.3,TPR,Third-Party Risk Management,TPR-03,Ongoing Oversight,Vendor offboarding and data return,,"At the end of a vendor relationship, access is revoked, organisational data is returned or destroyed, and confirmation of destruction is obtained and retained.",24,,
PRI-03.3,PRI,Privacy & Data Protection,PRI-03,Privacy Governance,Record of processing activities,DPDPA S.8(1),"A record of processing activities is maintained describing the categories of personal data, purposes, recipients, retention periods, transfers and security measures, and is kept current.",25,,
PRI-03.4,PRI,Privacy & Data Protection,PRI-03,Privacy Governance,Cross-border transfer controls,ISO27001 A.5.14,"Transfers of personal data outside the jurisdiction are identified, permitted only to destinations allowed by applicable law or contract, and supported by appropriate safeguards and records.",26,,
PRI-03.5,PRI,Privacy & Data Protection,PRI-03,Privacy Governance,Purpose limitation and minimisation,SOC2 P3.1 ; DPDPA S.4 ; DPDPA S.8(2),"Personal data is collected and processed only for specified lawful purposes and limited to what is necessary for those purposes, with collection reviewed to remove data no longer required.",29,,
GOV-04.1,GOV,"Governance, Risk & Compliance",GOV-04,ISMS Management System,Organisational context,ISO27001 4.1,"Internal and external issues relevant to the organisation's purpose that affect its ability to achieve information security outcomes are determined, documented and reviewed for change.",25,,
IAM-04.1,IAM,Identity & Access Management,IAM-04,Access Review,Periodic user access review,SOC2 CC6.3 ; ISO27001 A.5.18,"User access rights are reviewed by system or data owners at a defined interval, with the reviewer confirming each entitlement remains appropriate and removals actioned and evidenced.",27,,
IAM-04.2,IAM,Identity & Access Management,IAM-04,Access Review,Privileged access recertification,SOC2 CC6.3 ; ISO27001 A.8.2,"Privileged entitlements are recertified at a defined interval more frequent than standard access review, with each privileged account confirmed as still required or removed.",24,,
GOV-04.2,GOV,"Governance, Risk & Compliance",GOV-04,ISMS Management System,Interested parties and requirements,ISO27001 4.2,"Interested parties relevant to information security are identified together with their requirements, including legal, regulatory and contractual expectations, and these are kept current.",23,,
GOV-04.3,GOV,"Governance, Risk & Compliance",GOV-04,ISMS Management System,ISMS scope definition,ISO27001 4.3,"The scope and boundaries of the information security management system are documented, including the locations, business units, systems and interfaces included and any justified exclusions.",25,,
GOV-04.4,GOV,"Governance, Risk & Compliance",GOV-04,ISMS Management System,"Resources, competence and awareness",ISO27001 7.1 ; ISO27001 7.2,"The resources, competencies and awareness needed to operate the information security programme are determined and provided, with competence evidenced by qualifications, training or experience records.",25,,
GOV-04.5,GOV,"Governance, Risk & Compliance",GOV-04,ISMS Management System,Performance monitoring and measurement,ISO27001 9.1,"Information security performance and control effectiveness are monitored using defined metrics, with the method, frequency and responsible party documented, and results retained as evidence.",24,,
GOV-04.6,GOV,"Governance, Risk & Compliance",GOV-04,ISMS Management System,ISMS performance reporting,ISO27001 9.3,"Information security performance results, including metric trends, incidents, audit findings and risk status, are reported to management at a defined interval in a documented form.",25,,
GOV-04.7,GOV,"Governance, Risk & Compliance",GOV-04,ISMS Management System,Continual improvement,ISO27001 10.1,"The suitability, adequacy and effectiveness of the information security programme are continually improved, with improvement actions recorded, owned and tracked to completion.",22,,
GOV-04.8,GOV,"Governance, Risk & Compliance",GOV-04,ISMS Management System,Nonconformity and corrective action,ISO27001 10.2,"Nonconformities are recorded, their root cause determined, corrective action taken and its effectiveness verified, with the nature of the nonconformity and the outcome retained as evidence.",26,,
